title,description,poster,backdrop,trailer_url,stream_url,genre,year,duration,rating,cast_members,quality,subtitle_url,is_featured,is_trending,is_new,is_exclusive,is_published,view_count,category_id
Cruel Cruel Love (1914),"Cruel, Cruel Love is a 1914 American comedy silent film made at the Keystone Studios and starring Charlie Chaplin. Watch on RetroFlix.org: https://retroflix.org/cruel-cruel-love-1914/",https://archive.org/services/img/cruel-cruel-love-1914,https://archive.org/services/img/cruel-cruel-love-1914,,https://archive.org/download/cruel-cruel-love-1914/Cruel%20Cruel%20Love%20(1914).mp4,Comedy,1914,9m,7.0,,Auto|720p,,false,false,false,false,true,0,public-domain
Customers Wanted (1939),"Popeye and Bluto are running competing penny arcades, trying to bring in customer Wimpy. Of course, he would gladly pay Tuesday for a penny today. And of course, their competing arcades show clips featuring each of them, with well over half of this short thus recycled. Watch on RetroFlix: https://retroflix.org/customers-wanted-1939/",https://archive.org/services/img/customers-wanted-1939,https://archive.org/services/img/customers-wanted-1939,,https://archive.org/download/customers-wanted-1939/Customers%20Wanted%20(1939).mp4,Classic,1939,7m,7.0,,Auto|720p,,false,false,false,false,true,0,public-domain
Daddy's Little Darling (1955),"Mom goes to the hospital and daddy is left at home to take care of the baby, and he has a terrible time feeding, bathing and changing him as disaster is the result of every thing he attempts. Finally, after hours of exhaustive work, the baby is asleep, and the father hears from the hospital that his wife has just made him the father of triplets. He then goes outside and starts shoot of the passing storks. Watch on Re",https://archive.org/services/img/daddys-little-darling-1955,https://archive.org/services/img/daddys-little-darling-1955,,https://archive.org/download/daddys-little-darling-1955/Daddy's%20Little%20Darling%20(1955).mp4,Classic,1955,5m,7.0,,Auto|720p,,false,false,false,false,true,0,public-domain
Devil-May-Care (1929),"I've been researching newly public domain films from 1929 and earlier, so I'm uploading the best possible copies that I can find. A post Napoleonic-France set musical whose claim to fame was the sound debut of heartthrob Ramon Novarro, Devil-May-Care also had a technicolor dance sequence and was a box office hit. Reviews were fine, though it was important to prove that Novarro could lead a talkie picture.",https://archive.org/services/img/devilmaycare_1929_202506,https://archive.org/services/img/devilmaycare_1929_202506,,https://archive.org/download/devilmaycare_1929_202506/devilmaycare_1929.ia.mp4,Romance,1929,1h 37m,7.0,,Auto|720p,,false,false,false,false,true,0,public-domain
Duck Fever (1955),"Papa Bear, his cubs and the Hound Dog go duck hunting and, as usual, the experts (Papa and the dog) have nothing but misadventures, while the amateur hunters bag all the ducks. When Papa returns home, empty-handed, angry and frustrated, he throws the ammunition into the fireplace, followed by a barrage of bullets firing upward through the chimney and bringing down a flock of ducks that were flying overhead. Watch on ",https://archive.org/services/img/duck-fever-1955,https://archive.org/services/img/duck-fever-1955,,https://archive.org/download/duck-fever-1955/Duck%20Fever%20(1955).mp4,Adventure|War,1955,5m,7.0,,Auto|720p,,false,false,false,false,true,0,public-domain
Don't Shove (1919) Directed By Alfred J. Goulding,"Don't Shove Directed by Alfred J. Goulding Written by H.M. Walker Produced by Hal Roach Starring Harold Lloyd Cinematography Walter Lundin Production company Rolin Films Distributed by Pathé Exchange Release date August 31, 1919 Running time 11 minutes Country United States Language Silent (English intertitles ) Don't Shove is a 1919 American short comedy film featuring Harold Lloyd . [ 1 ] Prints of the film exist a",https://archive.org/services/img/dont-shove-1919-directed-by-alfred-j.-goulding,https://archive.org/services/img/dont-shove-1919-directed-by-alfred-j.-goulding,,https://archive.org/download/dont-shove-1919-directed-by-alfred-j.-goulding/Don't%20Shove%20(1919)%20Directed%20by%20Alfred%20J.%20Goulding%20.mp4,Comedy,1919,9m,7.0,,Auto|720p,,false,false,false,false,true,0,public-domain
Axe Me Another (1934),"Pierre Bluto, running a logging camp, has thrown Olive into the river because he didn't like her spinach. Popeye rescues her and proceeds to beat Bluto in a lumberjack contest. Watch on RetroFlix: https://retroflix.org/axe-me-another-1934/",https://archive.org/services/img/axe-me-another-1934,https://archive.org/services/img/axe-me-another-1934,,https://archive.org/download/axe-me-another-1934/Axe%20Me%20Another%20(1934).mp4,Classic,1934,7m,7.0,,Auto|720p,,false,false,false,false,true,0,public-domain
Bunny Mooning (1937),Jack and Jill Rabbit get hitched in this classic Fleischer Studios cartoon. Watch on RetroFlix: https://retroflix.org/bunny-mooning-1937/,https://archive.org/services/img/bunny-mooning-1937,https://archive.org/services/img/bunny-mooning-1937,,https://archive.org/download/bunny-mooning-1937/Bunny%20Mooning%20(1937).mp4,Classic,1937,6m,7.0,,Auto|720p,,false,false,false,false,true,0,public-domain
Bird Scouts (1935),"Bird Scouts is a Rainbow Parade cartoon directed by Burt Gillett, Tom Palmer. Watch on RetroFlix: https://retroflix.org/bird-scouts-1935/",https://archive.org/services/img/bird-scouts-1935,https://archive.org/services/img/bird-scouts-1935,,https://archive.org/download/bird-scouts-1935/Bird%20Scouts%20(1935).ia.mp4,Classic,1935,7m,7.0,,Auto|720p,,false,false,false,false,true,0,public-domain
Casper's Spree Under the Sea (1950),Casper is kicked out of the Society of Ghosts when he admits he does not like scaring people. Watch on RetroFlix: https://retroflix.org/caspers-spree-under-the-sea-1950/,https://archive.org/services/img/caspers-spree-under-the-sea-1950,https://archive.org/services/img/caspers-spree-under-the-sea-1950,,https://archive.org/download/caspers-spree-under-the-sea-1950/Casper's%20Spree%20Under%20the%20Sea%20(1950).mp4,Classic,1950,8m,7.0,,Auto|720p,,false,false,false,false,true,0,public-domain
Caryl of the Mountains,"Rin Tin Tin, Jr. helps mounties find the killer of a fur trapper. You can find more information regarding this film on its IMDb page .",https://archive.org/services/img/caryl_of_the_mountains,https://archive.org/services/img/caryl_of_the_mountains,,https://archive.org/download/caryl_of_the_mountains/caryl_of_the_mountains.mp4,Western,1936,58m,7.0,,Auto|720p,,false,false,false,false,true,0,public-domain
Captain Scarface,"From IMDB : A man desperate to leave South America books passage on a freighter, and learns that the captain has made plans to force a scientist to participate in a mission of destruction.",https://archive.org/services/img/captain_scarface,https://archive.org/services/img/captain_scarface,,https://archive.org/download/captain_scarface/captain_scarface.mp4,Drama,1953,1h 10m,7.0,,Auto|720p,,false,false,false,false,true,0,public-domain
Cavalcade of the West,You can find more information regarding this film on its IMDb page .,https://archive.org/services/img/cavalcade_of_the_west,https://archive.org/services/img/cavalcade_of_the_west,,https://archive.org/download/cavalcade_of_the_west/cavalcade_of_the_west.mp4,Western,1936,1h 00m,7.0,,Auto|720p,,false,false,false,false,true,0,public-domain
Home Town Story (1951 +++++ Classic Family Drama),"1:01:10 Plot : After failing to be re-elected, politician Blake Washburn returns home and becomes editor of the local newspaper. When he notices the influence the paper has on the public, he uses it to appeal to potential voters in the next election. --IMDb Storyline : Blake Washburn blames manufacturer MacFarland for his defeat in the race for re-election to the state legislature. He takes over his uncle's newspaper",https://archive.org/services/img/home-town-story-1951-classic-family-drama,https://archive.org/services/img/home-town-story-1951-classic-family-drama,,https://archive.org/download/home-town-story-1951-classic-family-drama/Home%20Town%20Story%20(1951%20%2B%2B%2B%2B%2B%20Classic%20Family%20Drama).mp4,Western|Drama|Romance,1951,1h 01m,7.0,,Auto|720p,,false,false,false,false,true,0,public-domain
Hawk of Powder River,"Cowboy hero Eddie Dean versus The mysterious Hawk, and her outlaw gang.",https://archive.org/services/img/hawk_of_powder_river,https://archive.org/services/img/hawk_of_powder_river,,https://archive.org/download/hawk_of_powder_river/hawk_of_powder_river.mp4,Western,1948,53m,7.0,,Auto|720p,,false,false,false,false,true,0,public-domain
Eight Witnesses.,"A cold war suspense drama costarring Dennis Price and Peggy Ann Garner. This is a TV movie filmed in West Germany by a German production company, and with a mostly German supporting cast. The opening and closing scenes appear to have been shot separately and added later, possibly for its US release. The most interesting aspect of this film is the peculiar nature of its production. Directed by Lawrence Huntington Rele",https://archive.org/services/img/EightWitnesses,https://archive.org/services/img/EightWitnesses,,https://archive.org/download/EightWitnesses/EightWitnesses.mp4,Comedy|Drama|War,2014,1h 00m,7.0,,Auto|720p,,false,false,false,false,true,0,public-domain
"Haunted Spooks (1920) Directed by Hal Roach, Alfred J. Goulding","Haunted Spooks Promotional advertisement Directed by Alfred J. Goulding Hal Roach Written by H. M. Walker Produced by Hal Roach Starring Harold Lloyd Mildred Davis Wallace Howe Ernest Morrison Blue Washington Release date March 14, 1920 Running time 25 minutes Country United States Language Silent (English intertitles ) Haunted Spooks is a 1920 American silent Southern Gothic comedy horror film , produced and co-dire",https://archive.org/services/img/haunted-spooks-1920,https://archive.org/services/img/haunted-spooks-1920,,https://archive.org/download/haunted-spooks-1920/Haunted%20Spooks%20(1920).mp4,Horror|Comedy|War,1920,25m,7.0,,Auto|720p,,false,false,false,false,true,0,public-domain
Grief Street (1931),A reporter helps the police investigate the murder of a disagreeable and philandering actor who is found strangled to death in his theater dressing room with its door and window locked from the inside. Watch on RetroFlix: https://retroflix.org/grief-street-1931/,https://archive.org/services/img/grief-street-1931,https://archive.org/services/img/grief-street-1931,,https://archive.org/download/grief-street-1931/Grief%20Street%20(1931).mp4,Classic,1931,1h 03m,7.0,,Auto|720p,,false,false,false,false,true,0,public-domain
Guns of the Law,You can find more information regarding this film on its IMDb page .,https://archive.org/services/img/guns_of_the_law,https://archive.org/services/img/guns_of_the_law,,https://archive.org/download/guns_of_the_law/guns_of_the_law.mp4,Classic,1944,53m,7.0,,Auto|720p,,false,false,false,false,true,0,public-domain
His Favorite Pasttime (1914),His Favourite Pastime is a 1914 American comedy film starring Charlie Chaplin. Watch on RetroFlix.org: https://retroflix.org/his-favorite-pasttime-1914/,https://archive.org/services/img/his-favorite-pasttime-1914,https://archive.org/services/img/his-favorite-pasttime-1914,,https://archive.org/download/his-favorite-pasttime-1914/His%20Favorite%20Pasttime%20(1914).mp4,Comedy,1914,13m,7.0,,Auto|720p,,false,false,false,false,true,0,public-domain
His New Profession (1914),Charlie takes care of a man in a wheelchair. Watch on RetroFlix: https://retroflix.org/his-new-profession-1914/,https://archive.org/services/img/his-new-profession-1914,https://archive.org/services/img/his-new-profession-1914,,https://archive.org/download/his-new-profession-1914/His%20New%20Profession%20(1914).mp4,Classic,1914,14m,7.0,,Auto|720p,,false,false,false,false,true,0,public-domain
How Wet Was My Ocean (1940),"A timid pig tries to go swimming at the beach, but somehow he keeps getting tangled up with Sourpuss's fishing line. Watch on RetroFlix: https://retroflix.org/how-wet-was-my-ocean-1940/",https://archive.org/services/img/how-wet-was-my-ocean-1940,https://archive.org/services/img/how-wet-was-my-ocean-1940,,https://archive.org/download/how-wet-was-my-ocean-1940/How%20Wet%20Was%20My%20Ocean%20(1940).mp4,Classic,1940,7m,7.0,,Auto|720p,,false,false,false,false,true,0,public-domain
Hot Rods (1953),"The boy mice of the village become hot rod fans and soon it isn't safe to walk the streets. Three cats seize up the situation and challenge the mice to a race, and then set a trap to catch them and make a meal. Truly a nefarious plot that calls for an intervention by Mighty Mouse. Watch on RetroFlix: https://retroflix.org/hot-rods-1953/",https://archive.org/services/img/hot-rods-1953,https://archive.org/services/img/hot-rods-1953,,https://archive.org/download/hot-rods-1953/Hot%20Rods%20(1953).mp4,Classic,1953,6m,7.0,,Auto|720p,,false,false,false,false,true,0,public-domain
Hairless Hector (1941),"A homeless sheep dog changes places with a tiny Park avenue purebred, and the butler and pet parrot try to electric-razor him into looking like the standard French Poodle. Watch on RetroFlix: https://retroflix.org/hairless-hector-1941/",https://archive.org/services/img/hairless-hector-1941,https://archive.org/services/img/hairless-hector-1941,,https://archive.org/download/hairless-hector-1941/Hairless%20Hector%20(1941).mp4,Classic,1941,6m,7.0,,Auto|720p,,false,false,false,false,true,0,public-domain
Hooky Spooky (1957),"On their way to Night School, Casper the Friendly Ghost and his pal, Spooky Ghost, pass a zoo, and Spooky has a good time scaring the animals until Casper, posing as the ghost of the scared denizens of the zoo, scares Spooky. Watch on RetroFlix: https://retroflix.org/hooky-spooky-1957/",https://archive.org/services/img/hooky-spooky-1957,https://archive.org/services/img/hooky-spooky-1957,,https://archive.org/download/hooky-spooky-1957/Hooky%20Spooky%20(1957).mp4,Classic,1957,5m,7.0,,Auto|720p,,false,false,false,false,true,0,public-domain
How to Relax (1953),"Dimwit, the dopey dog, is a harried office worker and chain-smoking, gulping coffee and bottles of aspirin tablets does nothing to settle his jangling nerves. His doctor advises him to take up a relaxing , mild hobby. Dimwit tries woodworking, landscape painting and photography but all result in disasters that unnerve him even more. He shoots the doctor and finally finds a life that relaxes him...busting rocks in the",https://archive.org/services/img/how-to-relax-1953,https://archive.org/services/img/how-to-relax-1953,,https://archive.org/download/how-to-relax-1953/How%20to%20Relax%20(1953).mp4,Classic,1953,7m,7.0,,Auto|720p,,false,false,false,false,true,0,public-domain
I Accuse My Parents (1944),"Ignored by his alcoholic parents, Jimmy Wilson starts hanging around with some shady characters. After falling in love with a lounge singer, Jimmy tries to impress her by doing jobs for her shady boss. After one of these jobs goes bad, Jimmy ends up on the run. Eventually, he must confront the truth, his past, and his parents. The judge cites parental neglect in the case of a teenager (John Miljan) charged with murde",https://archive.org/services/img/i-accuse-my-parents-1944,https://archive.org/services/img/i-accuse-my-parents-1944,,https://archive.org/download/i-accuse-my-parents-1944/I%20Accuse%20My%20Parents%20(1944).mp4,Classic,1944,1h 08m,7.0,,Auto|720p,,false,false,false,false,true,0,public-domain
Isle of Forgotten Sins (1943),An evil sea captain and the forces of nature threaten two divers' search for a fortune in gold in the South Pacific. Watch on RetroFlix: https://retroflix.org/isle-of-forgotten-sins-1943/,https://archive.org/services/img/isle-of-forgotten-sins-1943_202402,https://archive.org/services/img/isle-of-forgotten-sins-1943_202402,,https://archive.org/download/isle-of-forgotten-sins-1943_202402/Isle%20of%20Forgotten%20Sins%20(1943).ia.mp4,Classic,1943,1h 21m,7.0,,Auto|720p,,false,false,false,false,true,0,public-domain
604 1B,604 1B,https://archive.org/services/img/6041B,https://archive.org/services/img/6041B,,https://archive.org/download/6041B/604-1B.mp4,Classic,2016,1h 13m,7.0,,Auto|720p,,false,false,false,false,true,0,public-domain
"Charlie Chaplin's ""Caught in a Caberet""",Charlie Chaplins 12th Film Released. April 27 1914 http://www.imdb.com/title/tt0003758/,https://archive.org/services/img/CC_1914_04_27_CaughtinaCaberet,https://archive.org/services/img/CC_1914_04_27_CaughtinaCaberet,,https://archive.org/download/CC_1914_04_27_CaughtinaCaberet/CC_1914_04_27_CaughtinaCaberet_512kb.mp4,Comedy|Romance|Adventure,1914,16m,7.0,,Auto|720p,,false,false,false,false,true,0,public-domain
Sea Power in the Pacific,Traced in this documentary are the history and role of American sea power in the Pacific during World War II,https://archive.org/services/img/SeaPowerinthtePacific,https://archive.org/services/img/SeaPowerinthtePacific,,https://archive.org/download/SeaPowerinthtePacific/SeaPowerinthtePacific.mp4,War|Documentary,1946,30m,7.0,,Auto|720p,,false,false,false,false,true,0,public-domain
It's a Joke Son iPod version,"Kenny Delmar reprises his character Senator Claghorn from Fred Allen's radio program. In this film Senator Claghorn runs for office to defeat a crooked ""northern"" politician. This is the same film in the Feature Films section this version is optimized for the iPod+video",https://archive.org/services/img/its_a_joke_son_ipod,https://archive.org/services/img/its_a_joke_son_ipod,,https://archive.org/download/its_a_joke_son_ipod/its_a_joke_son.mp4,Comedy,1947,1h 03m,7.0,,Auto|720p,,false,false,false,false,true,0,public-domain
3 Bad Men (1926),"I've been researching newly public domain films from 1929 and earlier, along with other pictures of the era that I find interesting, so I'm uploading the best possible copies that I can find. Director John Ford's final silent western, 3 Bad Men doesn't seem to have made much of an impact upon release, critically or financially. Modern viewers however have a lot to praise about the film, especially in regards to the a",https://archive.org/services/img/3-bad-men-1926_202508,https://archive.org/services/img/3-bad-men-1926_202508,,https://archive.org/download/3-bad-men-1926_202508/3%20Bad%20Men%20(1926).mp4,Western|Crime,1926,1h 32m,7.0,,Auto|720p,,false,false,false,false,true,0,public-domain
A GENTLEMAN OF NERVE (1914),"A GENTLEMAN OF NERVE Keystone-Mutual 1030 ft., rel. Oct. 29, 1914 (Attending the Races) dir. Charlie Chaplin, auth. Charlie Chaplin cast: Charlie Chaplin, Mabel Normand, Mack Swain, Chester Conklin, Phyllis Allen, Edgar Kennedy, Norma Nicholls, Cecile Arnold, Charley Chase, Alice Davenport, Barney Oldfield, Harry McCoy. finished: 10/7/1914 Location: outskirts of Beverly Hills, Los Angeles, CA The reel this came from ",https://archive.org/services/img/AGentlemanOfNerve1914,https://archive.org/services/img/AGentlemanOfNerve1914,,https://archive.org/download/AGentlemanOfNerve1914/gentleman-of-nerve.mp4,Comedy,2012,10m,7.0,,Auto|720p,,false,false,false,false,true,0,public-domain
Ireland or Bust (1932),Aboisterous gang of animals in various wacky aircraft compete in a race to see who can get to Ireland first. The winners unfortunately wind up in a haunted house when they get there. Watch on RetroFlix: https://retroflix.org/ireland-or-bust-1932/,https://archive.org/services/img/ireland-or-bust-1932,https://archive.org/services/img/ireland-or-bust-1932,,https://archive.org/download/ireland-or-bust-1932/Ireland%20or%20Bust%20(1932).mp4,Classic,1932,5m,7.0,,Auto|720p,,false,false,false,false,true,0,public-domain
The Gold Getters (1935),The adventures of Scrappy and his dog. Watch on RetroFlix: https://retroflix.org/the-gold-getters-1935/,https://archive.org/services/img/the-gold-getters-1935,https://archive.org/services/img/the-gold-getters-1935,,https://archive.org/download/the-gold-getters-1935/The%20Gold%20Getters%20(1935).ia.mp4,Adventure,1935,6m,7.0,,Auto|720p,,false,false,false,false,true,0,public-domain
The Auto Clinic (1938),"Self-service gas bars aren't a modern phenomenon, as evidenced by this visionary cartoon. The Auto Clinic is automated... everyone is treated alike by the three gas pumps until a pretty customer comes along, then they all turn on the charm... but when a cigar-smoking troublemaker comes along, they give him the ""treatment."" Krazy Kat protects his anthropomorphic service station from the gangster. Lots of bizarre visua",https://archive.org/services/img/the-auto-clinic-1938,https://archive.org/services/img/the-auto-clinic-1938,,https://archive.org/download/the-auto-clinic-1938/The%20Auto%20Clinic%20(1938).mp4,Classic,1938,6m,7.0,,Auto|720p,,false,false,false,false,true,0,public-domain
514 1,514 1,https://archive.org/services/img/rog56_mail_5141,https://archive.org/services/img/rog56_mail_5141,,https://archive.org/download/rog56_mail_5141/514_1.mp4,Classic,2016,1h 23m,7.0,,Auto|720p,,false,false,false,false,true,0,public-domain
Psychotronic Cinema # 1 - Frankenstein's Castle of Freaks,"Psychotronic Cinema is a program made in the spirit of old late night television movie show featuring some of wildest movies ever made. Frankensteins's Castle of Freaks: Count Frankenstein has been conducting experiments in an attempt to bring the dead back to life. When a caveman is discovered near the village and beaten to death by a mob of locals, Frankenstein acquires the caveman's body and brings it back to his ",https://archive.org/services/img/PschotronicCinema1-FrankensteinsCastleOfFreaks,https://archive.org/services/img/PschotronicCinema1-FrankensteinsCastleOfFreaks,,https://archive.org/download/PschotronicCinema1-FrankensteinsCastleOfFreaks/PC.mp4,Horror|Sci-Fi,2010,1h 33m,7.0,,Auto|720p,,false,false,false,false,true,0,public-domain
"The Big Combo (remastered edition) (1955, noir, imdb score: 7.4)","The Big Combo is a 1955 American film noir crime film directed by Joseph H. Lewis and photographed by cinematographer John Alton, with music by David Raksin. The film stars Cornel Wilde, Richard Conte and Brian Donlevy, as well as Jean Wallace, who was Wilde's wife at the time. It also included the final screen appearance of actress Helen Walker.",https://archive.org/services/img/the-big-combo-1955-remastered-movie-720p-hd,https://archive.org/services/img/the-big-combo-1955-remastered-movie-720p-hd,,https://archive.org/download/the-big-combo-1955-remastered-movie-720p-hd/the%20big%20combo-1955-remastered%20movie-720p-hd.mp4,Crime,2021,1h 27m,7.0,,Auto|720p,,false,false,false,false,true,0,public-domain
Jumping Jacks (1952),"Nightclub entertainer Hap Smith has a new act since his former partner Chick Allen joined the army. With his lovely new female partner, Hap now plays a clownish parody of a soldier. When Chick organises a soldier show at Fort Benning, he realizes he needs his former partner's help—so, to get onto the base, Hap impersonates a hapless real soldier, but circumstances force them to prolong the masquerade, creating an inc",https://archive.org/services/img/jumping-jacks-1952,https://archive.org/services/img/jumping-jacks-1952,,https://archive.org/download/jumping-jacks-1952/Jumping%20Jacks%20(1952).mp4,Classic,1952,1h 36m,7.0,,Auto|720p,,false,false,false,false,true,0,public-domain
Scrappy's Theme Song (1934),"Scrappy and company are putting on a show in the barn. All they need is a good theme song for the balcony scene, which Scrappy writes. Unfortunately, while everyone else remembers the music, he keeps forgetting his part. Watch on RetroFlix: https://retroflix.org/scrappys-theme-song-1934/",https://archive.org/services/img/scrappys-theme-song-1934,https://archive.org/services/img/scrappys-theme-song-1934,,https://archive.org/download/scrappys-theme-song-1934/Scrappy's%20Theme%20Song%20(1934).ia.mp4,Classic,1934,7m,7.0,,Auto|720p,,false,false,false,false,true,0,public-domain
Love And Duty (1931),"I've been researching newly public domain films from 1929 and earlier, so I'm uploading the best possible copies that I can find. This Chinese romantic tragedy follows a woman from childhood up until old age as she grapples with whether to fulfill herself by being with the person she loves, or fulfill her duty to her family by marrying a wealthier man. This film was thought lost for decades before a full print was fo",https://archive.org/services/img/love-and-duty-1931_202507,https://archive.org/services/img/love-and-duty-1931_202507,,https://archive.org/download/love-and-duty-1931_202507/Love%20and%20Duty%20(1931).mp4,Drama|Romance,1931,2h 32m,7.0,,Auto|720p,,false,false,false,false,true,0,public-domain
Love Krazy (1932),"Movie star Krazy has his pick of beautiful girls, but one grotesque, huge snout faced gal must have him, so she goes through a grueling beautifying process that she hopes will make her look like Jean Harlow. When finished (better, but not Harlow!) she invites Krazy over to her house where she traps and chases him around. Watch on RetroFlix: https://retroflix.org/love-krazy-1932/",https://archive.org/services/img/love-krazy-1932,https://archive.org/services/img/love-krazy-1932,,https://archive.org/download/love-krazy-1932/Love%20Krazy%20(1932).ia.mp4,Classic,1932,7m,7.0,,Auto|720p,,false,false,false,false,true,0,public-domain
Teen Bhubaner Pare (1969),"Teen Bhubaner Paare (তিন ভুবনের পারে) is a Bengali movie, inspired by Samaresh Basu 's novel , released in 1969. The songs ""Hoyto Tomari Jonno""(হয়তো তোমারই জন্য) & ""Jibone Ki Pabo Na""(জীবনে কি পাবো না) sung by Manna Dey are still very famous among Bengali youth. The film was a big hit in the history of Bengali Cinema.",https://archive.org/services/img/1_20220207_20220207_0804,https://archive.org/services/img/1_20220207_20220207_0804,,https://archive.org/download/1_20220207_20220207_0804/1.mp4,Classic,1969,35m,7.0,,Auto|720p,,false,false,false,false,true,0,public-domain
Little Dutch Mill (1934),"A miserly mill-keeper kidnaps two Dutch children, but their pet duck runs for help like Lassie. Watch on RetroFlix: https://retroflix.org/little-dutch-mill-1934/",https://archive.org/services/img/little-dutch-mill-1934,https://archive.org/services/img/little-dutch-mill-1934,,https://archive.org/download/little-dutch-mill-1934/Little%20Dutch%20Mill%20(1934).mp4,Classic,1934,8m,7.0,,Auto|720p,,false,false,false,false,true,0,public-domain
Little Boo-Peep (1953),"Casper, the Friendly Ghost, is thrown out of The Frightening Army by its Unfiendly Ghost's members, and wander on over to Fairy Tale Land, where he finds Little Bo Peep crying over her lost sheep. Watch on RetroFlix: https://retroflix.org/little-boo-peep-1953/",https://archive.org/services/img/little-boo-peep-1953,https://archive.org/services/img/little-boo-peep-1953,,https://archive.org/download/little-boo-peep-1953/Little%20Boo-Peep%20(1953).mp4,Classic,1953,6m,7.0,,Auto|720p,,false,false,false,false,true,0,public-domain
Lucky Dog (1956),A man transforms himself into a dog to live a dogs life. Watch on RetroFlix: https://retroflix.org/lucky-dog-1956/,https://archive.org/services/img/lucky-dog-1956,https://archive.org/services/img/lucky-dog-1956,,https://archive.org/download/lucky-dog-1956/Lucky%20Dog%20(1956).mp4,Classic,1956,6m,7.0,,Auto|720p,,false,false,false,false,true,0,public-domain
Gas (1944),"Gas is an animated short, directed by Chuck Jones and first released in May 1944. It features Private Snafu learning the value of a gas mask in warfare. The cartoon was produced by Warner Bros. Cartoons. The script writers for the Snafu cartoons were typically uncredited, though animation historians consider that several of them were written or co-written by Dr. Seuss and Munro Leaf. Watch on RetroFlix.org: https://r",https://archive.org/services/img/gas-1944,https://archive.org/services/img/gas-1944,,https://archive.org/download/gas-1944/Gas%20(1944).mp4,Animation|War,1944,5m,7.0,,Auto|720p,,false,false,false,false,true,0,public-domain
Fresh Ham (1933),"Cubby Bear opens a vaudeville booking agency on Tin Pan Alley. The usual assortment of second-rate talent shows up, only to be dispatched through a trap door in this good Cubby Bear cartoon. Watch on RetroFlix: https://retroflix.org/fresh-ham-1933/",https://archive.org/services/img/fresh-ham-1933,https://archive.org/services/img/fresh-ham-1933,,https://archive.org/download/fresh-ham-1933/Fresh%20Ham%20(1933).ia.mp4,Classic,1933,7m,7.0,,Auto|720p,,false,false,false,false,true,0,public-domain
EAST OF BORNEO video quality upgrade,"This print's video quality isn't great. However it is a significant improvement over the other IA copy. An early talkie adventure/melodrama in which a ""white"" woman it threatened by a lustful ""oriental"" potentate. Good production values including FX is the most that can be said for this dated film thematically related to lurid pulp novels of the '20s and '30s. Directed by George Melford. Released in 1931. Complete pr",https://archive.org/services/img/EastOfBorneoVideoQualityUpgrade,https://archive.org/services/img/EastOfBorneoVideoQualityUpgrade,,https://archive.org/download/EastOfBorneoVideoQualityUpgrade/EastOfBorneoVideoQualityUpgrade.mp4,Drama|Adventure,2014,1h 15m,7.0,,Auto|720p,,false,false,false,false,true,0,public-domain
Little Dutch Mill (1934),"A miserly mill-keeper kidnaps two Dutch children, but their pet duck runs for help like Lassie. Watch on RetroFlix: https://retroflix.org/little-dutch-mill-1934/",https://archive.org/services/img/little-dutch-mill-1934,https://archive.org/services/img/little-dutch-mill-1934,,https://archive.org/download/little-dutch-mill-1934/Little%20Dutch%20Mill%20(1934).mp4,Classic,1934,8m,7.0,,Auto|720p,,false,false,false,false,true,0,public-domain
Little Boo-Peep (1953),"Casper, the Friendly Ghost, is thrown out of The Frightening Army by its Unfiendly Ghost's members, and wander on over to Fairy Tale Land, where he finds Little Bo Peep crying over her lost sheep. Watch on RetroFlix: https://retroflix.org/little-boo-peep-1953/",https://archive.org/services/img/little-boo-peep-1953,https://archive.org/services/img/little-boo-peep-1953,,https://archive.org/download/little-boo-peep-1953/Little%20Boo-Peep%20(1953).mp4,Classic,1953,6m,7.0,,Auto|720p,,false,false,false,false,true,0,public-domain
Lucky Dog (1956),A man transforms himself into a dog to live a dogs life. Watch on RetroFlix: https://retroflix.org/lucky-dog-1956/,https://archive.org/services/img/lucky-dog-1956,https://archive.org/services/img/lucky-dog-1956,,https://archive.org/download/lucky-dog-1956/Lucky%20Dog%20(1956).mp4,Classic,1956,6m,7.0,,Auto|720p,,false,false,false,false,true,0,public-domain
37500,37500,https://archive.org/services/img/37500,https://archive.org/services/img/37500,,https://archive.org/download/37500/37500.mp4,Classic,2016,1h 31m,7.0,,Auto|720p,,false,false,false,false,true,0,public-domain
Vitamin Hay (1941),"It's time for lunch, and Spunky (the baby donkey) is expected to feed on healthy (and awful-tasting) Vitamin Hay. He resists, and wanders out of the barn to look for more interesting things to eat. Watch on RetroFlix: https://retroflix.org/vitamin-hay-1941/",https://archive.org/services/img/vitamin-hay-1941,https://archive.org/services/img/vitamin-hay-1941,,https://archive.org/download/vitamin-hay-1941/Vitamin%20Hay%20(1941).mp4,Classic,1941,6m,7.0,,Auto|720p,,false,false,false,false,true,0,public-domain
Gas (1944),"Gas is an animated short, directed by Chuck Jones and first released in May 1944. It features Private Snafu learning the value of a gas mask in warfare. The cartoon was produced by Warner Bros. Cartoons. The script writers for the Snafu cartoons were typically uncredited, though animation historians consider that several of them were written or co-written by Dr. Seuss and Munro Leaf. Watch on RetroFlix.org: https://r",https://archive.org/services/img/gas-1944,https://archive.org/services/img/gas-1944,,https://archive.org/download/gas-1944/Gas%20(1944).mp4,Animation|War,1944,5m,7.0,,Auto|720p,,false,false,false,false,true,0,public-domain
Fresh Ham (1933),"Cubby Bear opens a vaudeville booking agency on Tin Pan Alley. The usual assortment of second-rate talent shows up, only to be dispatched through a trap door in this good Cubby Bear cartoon. Watch on RetroFlix: https://retroflix.org/fresh-ham-1933/",https://archive.org/services/img/fresh-ham-1933,https://archive.org/services/img/fresh-ham-1933,,https://archive.org/download/fresh-ham-1933/Fresh%20Ham%20(1933).ia.mp4,Classic,1933,7m,7.0,,Auto|720p,,false,false,false,false,true,0,public-domain
809 RD,809 RD,https://archive.org/services/img/809RD,https://archive.org/services/img/809RD,,https://archive.org/download/809RD/809RD.mp4,Classic,2016,1h 33m,7.0,,Auto|720p,,false,false,false,false,true,0,public-domain
themoth,film,https://archive.org/services/img/themoth_317,https://archive.org/services/img/themoth_317,,https://archive.org/download/themoth_317/The-Moth-1934.mp4,Drama,2012,1h 02m,7.0,,Auto|720p,,false,false,false,false,true,0,public-domain
Happy Holidays (1940),"A small child pulls the pages off a calendar, one for each month, revealing a short skit on a holiday for that month Watch on RetroFlix: https://retroflix.org/happy-holidays-1940/",https://archive.org/services/img/happy-holidays-1940,https://archive.org/services/img/happy-holidays-1940,,https://archive.org/download/happy-holidays-1940/Happy%20Holidays%20(1940).ia.mp4,Classic,1940,6m,7.0,,Auto|720p,,false,false,false,false,true,0,public-domain
208 1,208 1,https://archive.org/services/img/rog561b_netzero_2081,https://archive.org/services/img/rog561b_netzero_2081,,https://archive.org/download/rog561b_netzero_2081/208-1.mp4,Classic,2016,1h 29m,7.0,,Auto|720p,,false,false,false,false,true,0,public-domain
Twenty-Four Robbers (1992),Twenty-Four Robbers is a 1992 movie directed by Willy Hartland. Watch on RetroFlix: https://retroflix.org/twenty-four-robbers-1992/,https://archive.org/services/img/twenty-four-robbers-1992,https://archive.org/services/img/twenty-four-robbers-1992,,https://archive.org/download/twenty-four-robbers-1992/Twenty-Four%20Robbers%20(1992).mp4,Classic,1999,1h 26m,7.0,,Auto|720p,,false,false,false,false,true,0,public-domain
212 5,212 5,https://archive.org/services/img/rog561b_netzero_2125,https://archive.org/services/img/rog561b_netzero_2125,,https://archive.org/download/rog561b_netzero_2125/212-5.mp4,Classic,2016,1h 25m,7.0,,Auto|720p,,false,false,false,false,true,0,public-domain
213,213,https://archive.org/services/img/rog561b_netzero_213_201604,https://archive.org/services/img/rog561b_netzero_213_201604,,https://archive.org/download/rog561b_netzero_213_201604/213F.mp4,Classic,2016,1h 21m,7.0,,Auto|720p,,false,false,false,false,true,0,public-domain
310,310,https://archive.org/services/img/rog561b_netzero_310,https://archive.org/services/img/rog561b_netzero_310,,https://archive.org/download/rog561b_netzero_310/310.mp4,Classic,2016,1h 00m,7.0,,Auto|720p,,false,false,false,false,true,0,public-domain
219,219,https://archive.org/services/img/rog56_mail_219,https://archive.org/services/img/rog56_mail_219,,https://archive.org/download/rog56_mail_219/219.mp4,Classic,2016,1h 23m,7.0,,Auto|720p,,false,false,false,false,true,0,public-domain
614,614,https://archive.org/services/img/rog56_mail_614,https://archive.org/services/img/rog56_mail_614,,https://archive.org/download/rog56_mail_614/614.mp4,Classic,2016,1h 10m,7.0,,Auto|720p,,false,false,false,false,true,0,public-domain
809 G,809 G,https://archive.org/services/img/rog56_mail_809G,https://archive.org/services/img/rog56_mail_809G,,https://archive.org/download/rog56_mail_809G/809G.mp4,Classic,2016,1h 33m,7.0,,Auto|720p,,false,false,false,false,true,0,public-domain
Virus (Fukkatsu no hi 復活の日),"Virus (Fukkatsu no hi 復活の日), literally Day of Resurrection is a 1980 post-apocalyptic science fiction movie directed by Kinji Fukasaku and based on a novel written by Sakyo Komatsu. The movie starred Masao Kusakari, George Kennedy, Robert Vaughn, Chuck Connors, Olivia Hussey, Edward James Olmos, Ken Ogata, Sonny Chiba and Glenn Ford. The film is notable for being the most expensive Japanese film ever made at the time",https://archive.org/services/img/VirusFukkatsuNoHi1980,https://archive.org/services/img/VirusFukkatsuNoHi1980,,https://archive.org/download/VirusFukkatsuNoHi1980/Virus_Fukkatsu_no_hi.mp4,Sci-Fi|War,1980,2h 36m,7.0,,Auto|720p,,false,false,false,false,true,0,public-domain
Keep in Style (1934),"Betty Boop puts on a musical show of new inventions and styles; her creation of ""ankle skirts"" sweeps the nation. Watch on RetroFlix: https://retroflix.org/keep-in-style-1934/",https://archive.org/services/img/keep-in-style-1934,https://archive.org/services/img/keep-in-style-1934,,https://archive.org/download/keep-in-style-1934/Keep%20in%20Style%20(1934).mp4,Classic,1934,6m,7.0,,Auto|720p,,false,false,false,false,true,0,public-domain
215,215,https://archive.org/services/img/rog56_mail_215,https://archive.org/services/img/rog56_mail_215,,https://archive.org/download/rog56_mail_215/215.mp4,Classic,2016,1h 13m,7.0,,Auto|720p,,false,false,false,false,true,0,public-domain
218,218,https://archive.org/services/img/rog56_mail_218,https://archive.org/services/img/rog56_mail_218,,https://archive.org/download/rog56_mail_218/218.mp4,Classic,2016,1h 33m,7.0,,Auto|720p,,false,false,false,false,true,0,public-domain
312,312,https://archive.org/services/img/rog56_mail_312,https://archive.org/services/img/rog56_mail_312,,https://archive.org/download/rog56_mail_312/312.mp4,Classic,2016,1h 16m,7.0,,Auto|720p,,false,false,false,false,true,0,public-domain
King of the Mardi Gras (1935),"A Mardi Gras celebration, looking pretty much like any carnival. Bluto is a strongman, claiming to be King of the Mardi Gras, and drawing a large crowd. Popeye, nearby, claims only, ""I yam what I yam,"" and has no crowd, but still draws Bluto's wrath. Watch on RetroFlix: https://retroflix.org/king-of-the-mardi-gras-1935/",https://archive.org/services/img/king-of-the-mardi-gras-1935,https://archive.org/services/img/king-of-the-mardi-gras-1935,,https://archive.org/download/king-of-the-mardi-gras-1935/King%20of%20the%20Mardi%20Gras%20(1935).mp4,Classic,1935,8m,7.0,,Auto|720p,,false,false,false,false,true,0,public-domain
Killer Dill,"Door-to-door salesman Johnny Dill, the exact double of a notorious gangster, finds himself struck between the forces of good and evil. You can find more information regarding this film on its IMDb page .",https://archive.org/services/img/killer_dill,https://archive.org/services/img/killer_dill,,https://archive.org/download/killer_dill/killer_dill.mp4,Comedy,1947,1h 12m,7.0,,Auto|720p,,false,false,false,false,true,0,public-domain
This Life of Mine (我這一輩子),"Also known as: The Life of a Peking Policeman Based on the novel by Lao She, directed by Shi Hui. Subtitles: VobSub (Chinese Simplified & Traditional, English)",https://archive.org/services/img/this_life_of_mine,https://archive.org/services/img/this_life_of_mine,,https://archive.org/download/this_life_of_mine/this_life_of_mine.mp4,Drama,1950,1h 48m,7.0,,Auto|720p,,false,false,false,false,true,0,public-domain
BRIDE OF THE GORILLA complete & video quality upgrade,"With a runtime of 65 minutes this is the most complete version presently available. The other version here at IA is 9 minutes shorter with a 56 minute runtime. Illicit lust, voodoo and a South American werebeast. (Okay, so it's a guy in a gorilla suit.) Stars uber-blonde Barbara Payton and Raymond Burr, supported by Lon Chaney and Tom Conway Directed by Curt Siodmak Released in 1951 a.k.a. ""The Face in the Water""",https://archive.org/services/img/BrideOfTheGorillamostCompleteVersion,https://archive.org/services/img/BrideOfTheGorillamostCompleteVersion,,https://archive.org/download/BrideOfTheGorillamostCompleteVersion/BrideOfTheGorillamostCompleteVersion.mp4,Horror|War,2014,1h 05m,7.0,,Auto|720p,,false,false,false,false,true,0,public-domain
La furia di Ercole (1962),In a tyrannical kingdom there is an evil ruler and a queen who lusts after Hercules who is attracted to a handmaiden. A rebellion overthrows the ruler. Watch on RetroFlix: https://retroflix.org/la-furia-di-ercole-1962/,https://archive.org/services/img/la-furia-di-ercole-1962,https://archive.org/services/img/la-furia-di-ercole-1962,,https://archive.org/download/la-furia-di-ercole-1962/La%20furia%20di%20Ercole%20(1962).mp4,Classic,1962,1h 36m,7.0,,Auto|720p,,false,false,false,false,true,0,public-domain
La morte viene dallo spazio (1958),"Scientists discover that a group of meteors are hurtling on a collison course with Earth, and if they hit, the planet will be destroyed. Watch on RetroFlix: https://retroflix.org/la-morte-viene-dallo-spazio-1958/",https://archive.org/services/img/la-morte-viene-dallo-spazio-1958,https://archive.org/services/img/la-morte-viene-dallo-spazio-1958,,https://archive.org/download/la-morte-viene-dallo-spazio-1958/La%20morte%20viene%20dallo%20spazio%20(1958).mp4,Classic,1958,1h 20m,7.0,,Auto|720p,,false,false,false,false,true,0,public-domain
Hercules Against the Moon Men (1964),"Hercules is summoned to oppose the evil Queen Samara, who has allied herself with aliens and is sacrificing her own people in a bid to awaken a moon goddess. Watch on RetroFlix: https://retroflix.org/hercules-against-the-moon-men-1964/",https://archive.org/services/img/hercules-against-the-moon-men-1964_202504,https://archive.org/services/img/hercules-against-the-moon-men-1964_202504,,https://archive.org/download/hercules-against-the-moon-men-1964_202504/Hercules%20Against%20the%20Moon%20Men%20(1964).mp4,Classic,1964,1h 27m,7.0,,Auto|720p,,false,false,false,false,true,0,public-domain
A Night of Magic,"1944 London street performers made this movie to showcase their talents and break into the big time, but the only one you will probably recognize is Wilkins, the butler, played by Gerald Pring.",https://archive.org/services/img/ANightOfMagic,https://archive.org/services/img/ANightOfMagic,,https://archive.org/download/ANightOfMagic/ANightOfMagic-1944.mp4,Classic,2012,53m,7.0,,Auto|720p,,false,false,false,false,true,0,public-domain
Bulldog Drummond in Africa (1938),Drummond has to leave for Morocco on his wedding day with his fiancee and trusted friends to rescue his friend Nielsen who is kidnapped by an international criminal. Watch on RetroFlix: https://retroflix.org/bulldog-drummond-in-africa-1938/,https://archive.org/services/img/bulldog-drummond-in-africa-1938,https://archive.org/services/img/bulldog-drummond-in-africa-1938,,https://archive.org/download/bulldog-drummond-in-africa-1938/Bulldog%20Drummond%20in%20Africa%20(1938).mp4,Classic,1938,58m,7.0,,Auto|720p,,false,false,false,false,true,0,public-domain
Bulldog Drummond (1929),"I've been researching newly public domain films from 1929 and earlier, so I'm uploading the best possible copies that I can find. Bulldog Drummond is an adventure/crime film that spawned a long running series of movies. While this wasn't the first film to attempt to capture the popularity of the series of mystery novels on which it was based, this was the first attempt with sound, which helped launch the series. Lead",https://archive.org/services/img/bulldog-drummond_1929_202506,https://archive.org/services/img/bulldog-drummond_1929_202506,,https://archive.org/download/bulldog-drummond_1929_202506/bulldog-drummond_1929.ia.mp4,Crime|Drama|Adventure,1929,1h 29m,7.0,,Auto|720p,,false,false,false,false,true,0,public-domain
Ercole alla conquista di Atlantide (1961),"King Androcles of Thebes commands a ship in search of a threat to Greece, predicted by an atmospheric oracle. Hercules is part of the crew, but the strongman falls overboard in a thick fog. Washed ashore, he saves a young Ismene from Proteus, an evil, shape-shifting creature. Ismene takes Hercules to Atlantis, where he discovers that her mother, Queen Antinea, has captured Androcles. Hercules schemes to rescue him an",https://archive.org/services/img/ercole-alla-conquista-di-atlantide-1961,https://archive.org/services/img/ercole-alla-conquista-di-atlantide-1961,,https://archive.org/download/ercole-alla-conquista-di-atlantide-1961/Ercole%20alla%20conquista%20di%20Atlantide%20(1961).mp4,War,1961,1h 34m,7.0,,Auto|720p,,false,false,false,false,true,0,public-domain
False Alarm (1933),Scrappy the fireman. Watch on RetroFlix: https://retroflix.org/false-alarm-1933/,https://archive.org/services/img/false-alarm-1933,https://archive.org/services/img/false-alarm-1933,,https://archive.org/download/false-alarm-1933/False%20Alarm%20(1933).mp4,Classic,1933,6m,7.0,,Auto|720p,,false,false,false,false,true,0,public-domain
Chuang wang li zi cheng (1980),"The Emperor is under attack by marauders and he is so depressed with his failure to protect his people, that he sees no other option than to kill himself. In his grief, he also decides to maim his daughter by cutting of her arm (there is a long tradition of one armed fighters in Hong Kong cinema). After being maimed, the Princess wanders around trying to enlist help from anyone who will listen to her, but no matter w",https://archive.org/services/img/chuang-wang-li-zi-cheng-1980,https://archive.org/services/img/chuang-wang-li-zi-cheng-1980,,https://archive.org/download/chuang-wang-li-zi-cheng-1980/Chuang%20wang%20li%20zi%20cheng%20(1980).mp4,Classic,2005,1h 30m,7.0,,Auto|720p,,false,false,false,false,true,0,public-domain
37202,37202,https://archive.org/services/img/37202,https://archive.org/services/img/37202,,https://archive.org/download/37202/37202.mp4,Classic,2016,2h 09m,7.0,,Auto|720p,,false,false,false,false,true,0,public-domain
THE DAREDEVIL (1923) -- Ben Turpin,"THE DAREDEVIL (1923) [abridged] Starring: Ben Turpin, Harry Gribbon, Madeline Hurlock, John J. Richardson Directed by Del Lord Produced by Mack Sennett William Thomas Sherman, wts@gunjones.com, http://www.mn-hp.com",https://archive.org/services/img/TheDaredevil1923--BenTurpin,https://archive.org/services/img/TheDaredevil1923--BenTurpin,,https://archive.org/download/TheDaredevil1923--BenTurpin/Daredevil2.mp4,Classic,2012,12m,7.0,,Auto|720p,,false,false,false,false,true,0,public-domain
La PasiÃ³n De Juana De Arco ( 1928 ),La PasiÃ³n De Juana De Arco ( 1928 ) No sound. No music.,https://archive.org/services/img/ThePassionOfJoanOfArc1928,https://archive.org/services/img/ThePassionOfJoanOfArc1928,,https://archive.org/download/ThePassionOfJoanOfArc1928/APaixoDeJoanaDarc1928.mp4,Classic,2012,1h 22m,7.0,,Auto|720p,,false,false,false,false,true,0,public-domain
The Perfect Clue,A spoiled rich girl runs away from home when her father announces that he is going to marry a lady that the girl does not like. She gets involved with an ex-con and together they are implicated in a murder which they must solve to prevent going to prison . . . all they need to solve the murder is a clue . . . maybe the perfect clue!,https://archive.org/services/img/ThePerfectClue,https://archive.org/services/img/ThePerfectClue,,https://archive.org/download/ThePerfectClue/The-Perfect-Clue-1935_1.mp4,Comedy|Crime|Adventure,2012,1h 04m,7.0,,Auto|720p,,false,false,false,false,true,0,public-domain
"Charlie Chaplin's ""His Prehistoric Past""",Charlie Chaplin's 35th Film Released Dec. 07 1914. This is his last film for Keystone Studios as well. http://www.imdb.com/title/tt0004102/,https://archive.org/services/img/CC_1914_12_07_HisPrehistoricpast,https://archive.org/services/img/CC_1914_12_07_HisPrehistoricpast,,https://archive.org/download/CC_1914_12_07_HisPrehistoricpast/CC_1914_12_07_HisPrehistoricpast_512kb.mp4,Comedy|Romance|Adventure,1914,12m,7.0,,Auto|720p,,false,false,false,false,true,0,public-domain
Secret Valley,You can find more information regarding this film on its IMDb page .,https://archive.org/services/img/secret_valley,https://archive.org/services/img/secret_valley,,https://archive.org/download/secret_valley/secret_valley.mp4,Western,1937,57m,7.0,,Auto|720p,,false,false,false,false,true,0,public-domain
The Early Bird (1938),"Scrappy is reading Dale Carnegie's How To Win Friends and Influence People. A bird keeping him company hears Scrappy say ""The early bird catches the worm"" and goes in search of one. But will the worm or the bird be caught? Watch on RetroFlix: https://retroflix.org/the-early-bird-1938/",https://archive.org/services/img/the-early-bird-1938,https://archive.org/services/img/the-early-bird-1938,,https://archive.org/download/the-early-bird-1938/The%20Early%20Bird%20(1938).ia.mp4,Classic,1938,7m,7.0,,Auto|720p,,false,false,false,false,true,0,public-domain
Hypnotized,"A feature length comedy, produced and directed by Mack Sennett and starring blackface comedy team Moran and Mack (The Two Black Crows), famous for their Columbia recordings including their best-selling ""early bird gets the worm"" routine. The film concerns a lowly circus worker (Wallace Ford) who becomes wealthy after winning a sweepstakes. He proposes marriage to his Hungarian girlfriend (Maria Alba) but is kidnapped",https://archive.org/services/img/hypnotized-1932,https://archive.org/services/img/hypnotized-1932,,https://archive.org/download/hypnotized-1932/Hypnotized%20(1932).mp4,Comedy,1932,1h 07m,7.0,,Auto|720p,,false,false,false,false,true,0,public-domain
The Eye Creatures,A modification of the other color file provided by Movie Powder removing the copyright notice by creating a new title.,https://archive.org/services/img/TheEyeCreatures_303,https://archive.org/services/img/TheEyeCreatures_303,,https://archive.org/download/TheEyeCreatures_303/NVEExport.mp4,Sci-Fi,2010,1h 19m,7.0,,Auto|720p,,false,false,false,false,true,0,public-domain
The Big Trees,A Quaker colony tries to save the giant sequoias from a timber baron.,https://archive.org/services/img/TheBigTrees,https://archive.org/services/img/TheBigTrees,,https://archive.org/download/TheBigTrees/MoviePowderPresentsTheBigTrees.mp4,War,1952,1h 29m,7.0,,Auto|720p,,false,false,false,false,true,0,public-domain
Lord Ganesh And The Shyamantaka Jewel,"How does Ganesh get an elephant's head, and what does his curse have to do with the Shyamantaka Jewel which produces unlimited amounts of gold? How does Jambavan, the great bear, obtain the precious gem, and why does Krishna have to fight him? What does Lord Rama have to do with the conflict? The answers to these questions are told in this tale of intrigue and love starring the Supreme Personality of Godhead Himself.",https://archive.org/services/img/LordGaneshAndTheShyamantakaJewel,https://archive.org/services/img/LordGaneshAndTheShyamantakaJewel,,https://archive.org/download/LordGaneshAndTheShyamantakaJewel/Part01.mp4,Classic,2011,59m,7.0,,Auto|720p,,false,false,false,false,true,0,public-domain
Passage De Venus (1874),"The 1874 passage of Venus over the face of the sun was very popular with scientists. Many expeditions to the best viewing points in the world were organized; at least 62 parties would visit 80 locations. In preparation much effort was made to find the best techniques to get objective and permanent records of the event. Frenchman inventor Janssen came up with the idea for a ""revolver photographic"". This huge camera sy",https://archive.org/services/img/1874PierreJulesCsarJanssenPassageDeVenus.webm.360p,https://archive.org/services/img/1874PierreJulesCsarJanssenPassageDeVenus.webm.360p,,https://archive.org/download/1874PierreJulesCsarJanssenPassageDeVenus.webm.360p/1874_Pierre_Jules_C%C3%A9sar_Janssen_-_Passage_de_Venus.webm.360p.mp4,Classic,1874,0m,7.0,,Auto|720p,,false,false,false,false,true,0,public-domain
To Build a Fire (1969),"""To Build a Fire"" is a short film adaptation of Jack London's classic story, directed by David Cobham. The film was released in 1969 and features a powerful narration by Orson Welles, enhancing the chilling atmosphere of the narrative.The film follows a man who ventures alone into the frozen wilderness of Alaska, accompanied only by his dog. As temperatures drop to -50°F, he faces the harsh realities of survival. Ign",https://archive.org/services/img/to.build.a.fire.1969,https://archive.org/services/img/to.build.a.fire.1969,,https://archive.org/download/to.build.a.fire.1969/To%20Buid%20a%20Fire%20(1969)/mp4/to.build.a.fire.1969.ia.mp4,Drama|Adventure|War,1969,50m,7.0,,Auto|720p,,false,false,false,false,true,0,public-domain
